metric,value
F1,0.5170250170733674624996905431
TaP,0.8315987262675199699230109539
TaR,0.3751244859360716493117649288
Detected_Anomalies,15
