metric,value
F1,0.6066067886252632108866873546
TaP,0.7811692858686273102183439440
TaR,0.4958112728348300782975584766
Detected_Anomalies,18
