metric,value
F1,0.3587848382646180345409794537
TaP,0.4587338031658097951747268935
TaR,0.2945978340173536167753312909
Detected_Anomalies,12
