metric,value
F1,0.5534336687505441067788173437
TaP,0.7898282937239946661452819442
TaR,0.4259479712589865782435555960
Detected_Anomalies,16
