metric,value
F1,0.1481086001063104706598904000
TaP,0.8846553549251025964652567878
TaR,0.08081969879449918121466297213
Detected_Anomalies,4
