metric,value
F1,0.6731711335054125548249372816
TaP,0.8093837091193911993738725274
TaR,0.5762012369394496087191065076
Detected_Anomalies,20
