metric,value
F1,0.5990692572276966242779981849
TaP,0.8148478008661238458157139354
TaR,0.4736442741070794308104760085
Detected_Anomalies,18
