metric,value
F1,0.5808469787450646673692964447
TaP,0.9086161740743683066827430789
TaR,0.4268628314524191331261935472
Detected_Anomalies,16
