metric,value
F1,0.4361275459792840764176651555
TaP,0.8810465517551483793251625185
TaR,0.2897878216580267884328857404
Detected_Anomalies,12
