metric,value
F1,0.1463377890908669558403029193
TaP,0.9040869696198717404011710419
TaR,0.07961199319691142523628086911
Detected_Anomalies,4
