metric,value
F1,0.4199323691849803625464782355
TaP,0.8413115717634996008474966341
TaR,0.2797945219307439218550404170
Detected_Anomalies,11
