metric,value
F1,0.6278996440933802892053498116
TaP,0.8390355579829680737199407272
TaR,0.5016610547416680894078311794
Detected_Anomalies,19
