metric,value
F1,0.4328464435791414954541492182
TaP,0.5945489161088461332773710213
TaR,0.3402947587770270874541175216
Detected_Anomalies,14
