metric,value
F1,0.5953163873040964559141444470
TaP,0.7777761229602210021713686350
TaR,0.4821970222183324111098056066
Detected_Anomalies,19
