metric,value
F1,0.6746690215610415647509227558
TaP,0.9383074944426060095434704201
TaR,0.5266850727144622988973025221
Detected_Anomalies,19
