metric,value
F1,0.5696872987538614314132713773
TaP,0.7928210857916636724556495765
TaR,0.4445670913530527943914644046
Detected_Anomalies,17
