metric,value
F1,0.6566989935692718772480691018
TaP,0.7925720964836331513676115174
TaR,0.5605945277431244918353392651
Detected_Anomalies,19
