metric,value
F1,0.5714687461461674048584565614
TaP,0.7707158546107366960804256386
TaR,0.4540792172857167850704659648
Detected_Anomalies,18
