metric,value
F1,0.5364995350358831621065221152
TaP,0.8783000632151987237627821081
TaR,0.3862038743857783757507210286
Detected_Anomalies,15
