metric,value
F1,0.6326722835408000092028269930
TaP,0.9145079989736616812085931618
TaR,0.4836267847271762776607050958
Detected_Anomalies,17
