metric,value
F1,0.5479733666555632420040714206
TaP,0.5972119186660377686969578268
TaR,0.5062355749169499973681164678
Detected_Anomalies,19
