metric,value
F1,0.6706150164776083805445874279
TaP,0.7630156317224834440041135300
TaR,0.5981763173826781084706339052
Detected_Anomalies,21
