metric,value
F1,0.5509016165262853543614083639
TaP,0.6397409274691835798877246997
TaR,0.4837275189743246861521839048
Detected_Anomalies,18
