metric,value
F1,0.6401144426523279366969671220
TaP,0.8980324093784347406439892020
TaR,0.4972908241530053351266786148
Detected_Anomalies,18
