metric,value
F1,0.5548331726569090834792053683
TaP,0.8483403684987656408465144302
TaR,0.4122155993903681253043719058
Detected_Anomalies,16
