metric,value
F1,0.6222372926636336741129815840
TaP,0.8497243132131758813835507187
TaR,0.4908323367870335479925388048
Detected_Anomalies,18
