metric,value
F1,0.5434568845677396312016144518
TaP,0.6285873641264210756391390159
TaR,0.4786347064310094522239167302
Detected_Anomalies,19
