metric,value
F1,0.6121608509969050933815345191
TaP,0.8602948686309386539308336006
TaR,0.4751219003900011831178389005
Detected_Anomalies,18
