metric,value
F1,0.5156830979794610143066469639
TaP,0.8966828882262475756202864720
TaR,0.3619084906577148157680300646
Detected_Anomalies,14
