metric,value
F1,0.5116391912764301632960427595
TaP,0.7515724197535306019931525042
TaR,0.3878282546494590107870946004
Detected_Anomalies,15
