metric,value
F1,0.6167146877829040520526073657
TaP,0.9153975056193997089449233289
TaR,0.4649931935873480151245369368
Detected_Anomalies,16
