metric,value
F1,0.6073061632846640362456353555
TaP,0.9239331135280271252853312628
TaR,0.4523039961503719624451090820
Detected_Anomalies,16
