metric,value
F1,0.1983768944142150210529026164
TaP,0.3683257089518007901217954465
TaR,0.1357435789476166508172251824
Detected_Anomalies,6
