metric,value
F1,0.4897195277299889775974432611
TaP,0.9014560625368247265870168940
TaR,0.3361735651783754666878413180
Detected_Anomalies,14
