metric,value
F1,0.5122938874189016889618619113
TaP,0.6699310366380399192141940270
TaR,0.4147109337055954782671518755
Detected_Anomalies,16
