metric,value
F1,0.1461095997377653504198646323
TaP,0.8377091456755029299121033408
TaR,0.08003442904793689201806339717
Detected_Anomalies,4
