metric,value
F1,0.1531774956924310630642136871
TaP,0.3140092613904550579151729521
TaR,0.1012952747131881243315974696
Detected_Anomalies,5
