metric,value
F1,0.4347053778200838896031611216
TaP,0.7235713970764789597931313303
TaR,0.3106763662342963386890444933
Detected_Anomalies,13
