metric,value
F1,0.6390877199887193862731758799
TaP,0.8547992204534455878957385253
TaR,0.5103094010858439148460088530
Detected_Anomalies,20
