metric,value
F1,0.6052339462302747557879292401
TaP,0.8358295860279426515880800029
TaR,0.4743627836973471192753300170
Detected_Anomalies,19
