metric,value
F1,0.6565878654127417910375326568
TaP,0.8991085087923538924522543065
TaR,0.517106396100053611354688615
Detected_Anomalies,18
