metric,value
F1,0.4535844185441980416522361537
TaP,0.7423987437005568276305377000
TaR,0.3265479391786917790588322872
Detected_Anomalies,14
