metric,value
F1,0.6385205157692452837725398037
TaP,0.7956411291291745380572733614
TaR,0.5332216455412464333923938390
Detected_Anomalies,18
